Workbook

Sheet Summary
A1: evaluate-interpret: RA (Task A) vs Codex (Task B), gpt-5.4-mini judge, 3 runs each
A2: Task A = ReplicatorAgent hard tier (wrong implementation). Task B = Codex fresh run (correct implementation). Both graded against gt/human_report.docx. RA 2 used a different judge JSON schema (list-based deviations/failure_handling with one score per item) instead of the usual indexed field format; handled in its tab, field labels note this.
A4: Run | B4: Task | C4: Total score | D4: Percentage
A5: RA 1 | B5: Task A (RA) | C5: ='RA 1'!C21&"/"&'RA 1'!C22 | D5: ='RA 1'!C23
A6: RA 2 | B6: Task A (RA) | C6: ='RA 2'!C17&"/"&'RA 2'!C18 | D6: ='RA 2'!C19
A7: RA 3 | B7: Task A (RA) | C7: ='RA 3'!C21&"/"&'RA 3'!C22 | D7: ='RA 3'!C23
A8: Codex 1 | B8: Task B (Codex) | C8: ='Codex 1'!C21&"/"&'Codex 1'!C22 | D8: ='Codex 1'!C23
A9: Codex 2 | B9: Task B (Codex) | C9: ='Codex 2'!C21&"/"&'Codex 2'!C22 | D9: ='Codex 2'!C23
A10: Codex 3 | B10: Task B (Codex) | C10: ='Codex 3'!C21&"/"&'Codex 3'!C22 | D10: ='Codex 3'!C23
A12: Comparison
A13: Metric | B13: Task A (RA) | C13: Task B (Codex)
A14: Median score (%) | B14: =MEDIAN(D5:D7) | C14: =MEDIAN(D8:D10)
A15: Mean score (%) | B15: =AVERAGE(D5:D7) | C15: =AVERAGE(D8:D10)
A16: Min score (%) | B16: =MIN(D5:D7) | C16: =MIN(D8:D10)
A17: Max score (%) | B17: =MAX(D5:D7) | C17: =MAX(D8:D10)

Sheet Sheet

Sheet RA 1
A1: evaluate-interpret run: RA 1 (evaluator_model=gpt-5.4-mini)
A3: Field | B3: What the agent wrote (interpret_results.json) | C3: Score (0-3) | D3: Judge's explanation
A4: Interpretation Summary | B4: The replication was a successful model-only reproduction of the paper’s static scarcity-of-labor Figure 6 claim. The executed Python code matched the preregistered plan closely: it implemented the two-regime equilibrium logic, evaluated the model over a dense grid of automation shares Φ, and generated outputs for both parameter cases (K=L=1 and K=10, L=1). The resulting curves reproduced the expected qualitative patterns: in the equal-endowment case, output increased and then plateaued around the threshold Φ*=0.5; in the abundant-capital case, the wage bill rose and then fell sharply near Φ*=0.9091 while capital income rose strongly. Because this is a theoretical simulation rather than an empirical estimation, there are no coefficients or p-values, but the replication clearly supports the focal claim. | C4: 2 | D4: The summary correctly identifies this as a successful theoretical/model replication of Figure 6 and captures the key qualitative behavior: threshold-based regime change, output plateau in the equal-endowments case, and wage bill decline with rising capital returns in the abundant-capital case. However, it adds implementation details about a dense grid and 'successful model-only reproduction' that are not explicitly needed for the reference comparison, and it omits the specific magnitude of the original claimed decline (about 85%) that is central in the reference.
A5: Execute Status | B5: Success | C5: 3 | D5: The reported status is 'Success,' which is consistent with the reference indicating the implementation ran correctly and reproduced the intended threshold and qualitative curve shapes.
A6: Fidelity: Method Alignment | B6: Full alignment with the preregistered plan. The replication used the static scarcity-of-labor model described in the paper, evaluated the two specified parameter cases, computed the threshold Φ*=K/(K+L), and produced numerical outputs and a plot over a dense Φ grid. The implementation followed the intended analytical simulation approach rather than introducing an empirical estimation strategy. | C6: 2 | D6: This matches the reference in substance: the agent implemented the static scarcity-of-labor model for the two specified parameter cases and computed the threshold behavior. The reference, however, emphasizes verification against equations in Sections 2.3 and 2.5 and spot-check values around the critical transition, while the report discusses a dense grid and analytical simulation more generally. So the alignment is good but not exact.
A7: Fidelity: Deviation 1 (issue) | B7: The original paper’s Figure 6 is a stylized analytical figure, while the replication computed the same model numerically on a discrete grid. | C7: 2 | D7: The deviation that Figure 6 was reproduced numerically on a discrete grid rather than as a stylized analytical figure is a real presentational difference, but it does not alter the underlying model behavior. This is mostly consistent with the reference's acceptance of implementation form.
A8: Fidelity: Deviation 1 (impact) | B8: Low: This changes presentation format, not the underlying model behavior or substantive conclusion. | C8: 3 | D8: The stated impact of 'Low' is appropriate. The reference focuses on threshold, shape, and magnitudes, which are preserved despite the numerical-grid presentation.
A9: Fidelity: Deviation 2 (issue) | B9: No external dataset was used because the claim is theoretical/model-based. | C9: 3 | D9: The note that no external dataset was used is fully consistent with the reference because the claim is theoretical/model-based and does not require a dataset.
A10: Fidelity: Deviation 2 (impact) | B10: None: This is appropriate for the claim and consistent with the replication plan. | C10: 3 | D10: The impact 'None' is correct and matches the reference.
A11: Results: Hypothesis Tested | B11: In the static scarcity-of-labor model for Figure 6, increasing the fraction of automated tasks Φ raises total output and the wage bill in the labor-scarce region, but once the economy crosses the threshold Φ* = K/(K+L), wages stop rising and capital income grows faster; with K=10 and L=1, the wage bill peaks and then falls sharply as Φ approaches the threshold. | C11: 2 | D11: The hypothesis restates the correct theoretical claim: as automation share rises, output and wages behave according to the threshold regime, with capital income rising faster after the threshold. This is broadly aligned with the reference, though the reference frames the equal-endowments case more specifically as output rising then plateauing and the abundant-capital case as wages rising strongly then dropping sharply by about 85% near the threshold.
A12: Results: Original Results | B12: The original paper’s Figure 6 implies a threshold-based regime change in the static scarcity-of-labor model. For the equal-endowment case (K=L=1), the threshold is Φ*=0.5 and output is expected to rise then flatten. For the abundant-capital case (K=10, L=1), the threshold is Φ*≈0.9091 and the wage bill is expected to rise and then fall sharply near the threshold while capital income rises. | C12: 2 | D12: The summary captures the main original-paper patterns and the correct threshold values for both cases. However, it does not include the reference's key magnitude for the abundant-capital case: wage bill peaking around 6.8 near Φ=0.82 and then falling to 1.0 by the threshold, about an 85% decline.
A13: Results: Replication Results | B13: The replication reproduced the same threshold values and qualitative patterns. For K=L=1, the computed threshold was Φ*=0.5, with output ranging from about 1.0016 to 252.1886 and the wage bill peaking at 1.0 before declining. For K=10, L=1, the computed threshold was Φ*≈0.9091, with output ranging from about 10.0022 to 3982.0717 and the wage bill ranging from 0 to 1.0, consistent with a rise-then-fall pattern near the threshold. Capital income increased strongly in both cases. | C13: 2 | D13: The replication results preserve the essential qualitative findings and the correct thresholds. The equal-endowments case and abundant-capital case both match the expected direction of change. But the numerical ranges reported are not directly comparable to the reference spot-check values and do not report the critical peak wage of about 6.8179 or the 85% decline near the threshold, so this is only mostly similar.
A14: Results: Overall Answer | B14: Yes for the focal theoretical claim; the replication satisfies the preregistered comparison criteria qualitatively. | C14: 3 | D14: The answer 'Yes for the focal theoretical claim' is consistent with the reference, which says the replication should be judged on whether it conveys the same underlying facts, threshold, shape, and key magnitudes. The report does satisfy the qualitative criterion for the focal claim.
A15: Replication Report | B15: Replication successful: the static scarcity-of-labor model reproduced the expected threshold behavior, with output plateauing in the equal-endowment case and the wage bill peaking then falling in the abundant-capital case. | C15: 2 | D15: This is a concise and accurate high-level summary of the replication outcome: threshold behavior reproduced, output plateauing in the equal-endowment case, and wage bill peaking then falling in the abundant-capital case. It is correct but omits the specific 85% decline magnitude highlighted in the reference.
... A20: Notes | B20: This is a theoretical replication, so statistical significance metrics are not applicable. The main evidence comes from matching the model structure, threshold values, and qualitative curve shapes. The generated outputs and figure file indicate the implementation ran correctly and produced the intended results. | C20: 2 | D20: The notes correctly state that statistical significance is not applicable and that the evidence comes from model structure, thresholds, and curve shapes. This aligns well with the reference. However, it omits the most important quantitative reference point: the ~85% wage decline in the abundant-capital case.
A21: Total | C21: =SUM(C4:C20)
A22: Max possible | C22: =COUNT(C4:C20)*3
A23: Percentage | C23: =C21/C22

Sheet RA 2
A1: evaluate-interpret run: RA 2 (evaluator_model=gpt-5.4-mini)
A3: Field | B3: What the agent wrote (interpret_results.json) | C3: Score (0-3) | D3: Judge's explanation
A4: Interpretation Summary | B4: The replication was a successful model-only reproduction of the paper’s static scarcity-of-labor Figure 6 claim. The executed Python code matched the preregistered plan closely: it implemented the two-regime equilibrium logic, evaluated the model over a dense grid of automation shares Φ, and generated outputs for both parameter cases (K=L=1 and K=10, L=1). The resulting curves reproduced the expected qualitative patterns: in the equal-endowment case, output increased and then plateaued around the threshold Φ*=0.5; in the abundant-capital case, the wage bill rose and then fell sharply near Φ*=0.9091 while capital income rose strongly. Because this is a theoretical simulation rather than an empirical estimation, there are no coefficients or p-values, but the replication clearly supports the focal claim. | C4: 2 | D4: The summary matches the reference on the core outcome: this is a theoretical/model-based replication of Figure 6, it reproduces the threshold behavior, and the qualitative patterns for both parameter cases are correct. However, it adds unsupported specifics such as "successful model-only reproduction" and detailed numeric ranges/plateaus not given in the reference’s summary-level comparison. Overall meaning is preserved but not identical.
A5: Execute Status | B5: Success | C5: 3 | D5: The reported status is Success, which is consistent with the reference indicating the implementation ran correctly and reproduced the intended results.
A6: Fidelity: Method Alignment | B6: Full alignment with the preregistered plan. The replication used the static scarcity-of-labor model described in the paper, evaluated the two specified parameter cases, computed the threshold Φ*=K/(K+L), and produced numerical outputs and a plot over a dense Φ grid. The implementation followed the intended analytical simulation approach rather than introducing an empirical estimation strategy. | C6: 3 | D6: The method alignment description is strongly consistent with the reference: the claim is theoretical/model-based, the threshold Phi* = K/(K+L) is central, and the relevant Figure 6 equations are to be implemented directly rather than via empirical estimation. The reference also notes the replication should match the model structure and threshold behavior, which this text does.
A7: Fidelity: Deviation 1 (issue+impact, single judge score) | B7: Issue: The original paper’s Figure 6 is a stylized analytical figure, while the replication computed the same model numerically on a discrete grid. Impact: Low: This changes presentation format, not the underlying model behavior or substantive conclusion. | C7: 2 | D7: This is a minor presentational deviation only. The reference accepts numerical implementation of the model and focuses on matching threshold and values/shape, so the deviation does not materially alter the substantive conclusion.
A8: Fidelity: Deviation 2 (issue+impact, single judge score) | B8: Issue: No external dataset was used because the claim is theoretical/model-based. Impact: None: This is appropriate for the claim and consistent with the replication plan. | C8: 3 | D8: This is fully consistent with the reference, which explicitly frames the claim as theoretical and not data-driven.
A9: Results: Hypothesis Tested | B9: In the static scarcity-of-labor model for Figure 6, increasing the fraction of automated tasks Φ raises total output and the wage bill in the labor-scarce region, but once the economy crosses the threshold Φ* = K/(K+L), wages stop rising and capital income grows faster; with K=10 and L=1, the wage bill peaks and then falls sharply as Φ approaches the threshold. | C9: 2 | D9: The hypothesis restatement aligns well with the reference’s claim: output, wage bill, and capital returns change with automation share Phi, with a threshold at Phi* and a strong wage decline in the abundant-capital case. Minor wording differences and added detail do not change the substantive meaning.
A10: Results: Original Results | B10: The original paper’s Figure 6 implies a threshold-based regime change in the static scarcity-of-labor model. For the equal-endowment case (K=L=1), the threshold is Φ*=0.5 and output is expected to rise then flatten. For the abundant-capital case (K=10, L=1), the threshold is Φ*≈0.9091 and the wage bill is expected to rise and then fall sharply near the threshold while capital income rises. | C10: 2 | D10: This accurately captures the key original results: equal-endowments case threshold at 0.5 with output rising then plateauing, and abundant-capital case threshold near 0.91 with wages rising then sharply falling while capital returns rise. It omits the specific magnitude that output rises from 1 to 2 and the wage peak around 6.8/85% decline, but preserves the essential comparison facts.
A11: Results: Replication Results | B11: The replication reproduced the same threshold values and qualitative patterns. For K=L=1, the computed threshold was Φ*=0.5, with output ranging from about 1.0016 to 252.1886 and the wage bill peaking at 1.0 before declining. For K=10, L=1, the computed threshold was Φ*≈0.9091, with output ranging from about 10.0022 to 3982.0717 and the wage bill ranging from 0 to 1.0, consistent with a rise-then-fall pattern near the threshold. Capital income increased strongly in both cases. | C11: 1 | D11: The replication results preserve the qualitative patterns and thresholds, but the numerical summaries reported are not directly comparable to the reference’s spot-checked values and original-result magnitudes. The added ranges for output and wage bill are not part of the reference summary, and the key verification point—the 85% wage drop near the threshold—is not stated with the same precision as the reference. Core meaning is partly preserved, but detail alignment is weaker.
A12: Results: Overall Answer | B12: Yes for the focal theoretical claim; the replication satisfies the preregistered comparison criteria qualitatively. | C12: 3 | D12: The answer 'Yes for the focal theoretical claim' is consistent with the reference, which indicates the model behavior and threshold-based shape should match and that the abundant-capital wage decline is about 85%. The qualitative conclusion is correct.
A13: Replication Report | B13: Replication successful: the static scarcity-of-labor model reproduced the expected threshold behavior, with output plateauing in the equal-endowment case and the wage bill peaking then falling in the abundant-capital case. | C13: 2 | D13: The report correctly summarizes the successful reproduction of threshold behavior and the two case-specific patterns. It is concise and aligned with the reference, though it does not mention the particularly important 85% wage decline in the abundant-capital case.
A14: Failure Handling 1 (type+suggestions, single judge score) | B14: Type: Results/Output Failures Suggestions: No substantive failure occurred, but future replications could report explicit curve-shape diagnostics (e.g., monotonicity checks and threshold-crossing summaries) to make comparison even more transparent. | C14: 1 | D14: The suggestion to add curve-shape diagnostics is reasonable, but the reference does not indicate a failure occurred. The recommendation is feasible, though it is somewhat generic rather than tied to a real discrepancy.
A15: Failure Handling 2 (type+suggestions, single judge score) | B15: Type: Method/Alignment Failures Suggestions: If stricter fidelity is desired, document the exact algebraic mapping from the paper’s equations to the code and include a direct comparison against the published figure values at selected Φ points. | C15: 2 | D15: Documenting the algebraic mapping from equations to code and comparing values at selected Phi points is directly aligned with the reference’s verification procedure. The suggestion is specific and useful, though it is framed as a hypothetical improvement rather than a response to an actual mismatch.
A16: Notes | B16: This is a theoretical replication, so statistical significance metrics are not applicable. The main evidence comes from matching the model structure, threshold values, and qualitative curve shapes. The generated outputs and figure file indicate the implementation ran correctly and produced the intended results. | C16: 2 | D16: The note that significance metrics are not applicable is appropriate for a theoretical replication, and the emphasis on model structure, threshold values, and qualitative curve shapes matches the reference. It is accurate but somewhat generic and does not mention the reference’s more important quantitative check of the ~85% wage decline.
A17: Total | C17: =SUM(C4:C16)
A18: Max possible | C18: =COUNT(C4:C16)*3
A19: Percentage | C19: =C17/C18

Sheet RA 3
A1: evaluate-interpret run: RA 3 (evaluator_model=gpt-5.4-mini)
A3: Field | B3: What the agent wrote (interpret_results.json) | C3: Score (0-3) | D3: Judge's explanation
A4: Interpretation Summary | B4: The replication was a successful model-only reproduction of the paper’s static scarcity-of-labor Figure 6 claim. The executed Python code matched the preregistered plan closely: it implemented the two-regime equilibrium logic, evaluated the model over a dense grid of automation shares Φ, and generated outputs for both parameter cases (K=L=1 and K=10, L=1). The resulting curves reproduced the expected qualitative patterns: in the equal-endowment case, output increased and then plateaued around the threshold Φ*=0.5; in the abundant-capital case, the wage bill rose and then fell sharply near Φ*=0.9091 while capital income rose strongly. Because this is a theoretical simulation rather than an empirical estimation, there are no coefficients or p-values, but the replication clearly supports the focal claim. | C4: 2 | D4: The summary correctly identifies this as a theoretical/model-based replication of Figure 6, notes the two parameter cases, and describes the expected threshold behavior and qualitative curve shapes. However, it adds language about a 'successful model-only reproduction' and specific grid-based numerical implementation details that are not all stated in the reference in this form. The core meaning matches well, but it is not an exact match to the reference's wording and emphasis.
A5: Execute Status | B5: Success | C5: 3 | D5: The execution was successful, which is consistent with the reference indicating the replication implementation ran correctly and produced the intended model outputs. No contradiction appears.
A6: Fidelity: Method Alignment | B6: Full alignment with the preregistered plan. The replication used the static scarcity-of-labor model described in the paper, evaluated the two specified parameter cases, computed the threshold Φ*=K/(K+L), and produced numerical outputs and a plot over a dense Φ grid. The implementation followed the intended analytical simulation approach rather than introducing an empirical estimation strategy. | C6: 2 | D6: The reported method alignment matches the reference in substance: it uses the static scarcity-of-labor model, the two specified parameter cases, and the threshold formula. The reference, however, emphasizes that the paper does not directly cite the equations and that the equations were inferred and implemented from Sections 2.3 and 2.5, while the report presents the alignment more generally and claims full alignment. The main model-matching claim is correct, but the detail level differs.
A7: Fidelity: Deviation 1 (issue) | B7: The original paper’s Figure 6 is a stylized analytical figure, while the replication computed the same model numerically on a discrete grid. | C7: 2 | D7: It is accurate that Figure 6 is stylized/analytical and that the replication used a numerical grid. This is a real presentation difference, but the reference does not frame it as a substantive deviation. The issue description is plausible and aligned with the reference context.
A8: Fidelity: Deviation 1 (impact) | B8: Low: This changes presentation format, not the underlying model behavior or substantive conclusion. | C8: 2 | D8: The stated impact as low is reasonable and consistent with the reference, since the numerical discretization does not alter the underlying model behavior or comparison criteria.
A9: Fidelity: Deviation 2 (issue) | B9: No external dataset was used because the claim is theoretical/model-based. | C9: 3 | D9: The statement that no external dataset was used is fully consistent with the reference because this is a theoretical/model replication, not an empirical one.
A10: Fidelity: Deviation 2 (impact) | B10: None: This is appropriate for the claim and consistent with the replication plan. | C10: 3 | D10: The 'None' impact assessment is correct and matches the reference's framing that no dataset is needed for this claim.
A11: Results: Hypothesis Tested | B11: In the static scarcity-of-labor model for Figure 6, increasing the fraction of automated tasks Φ raises total output and the wage bill in the labor-scarce region, but once the economy crosses the threshold Φ* = K/(K+L), wages stop rising and capital income grows faster; with K=10 and L=1, the wage bill peaks and then falls sharply as Φ approaches the threshold. | C11: 3 | D11: The hypothesis restatement matches the reference claim closely: output, wage bill, and capital income change across the automation threshold, with the abundant-capital case showing a wage decline and capital-income rise. The threshold formula is also correctly stated.
A12: Results: Original Results | B12: The original paper’s Figure 6 implies a threshold-based regime change in the static scarcity-of-labor model. For the equal-endowment case (K=L=1), the threshold is Φ*=0.5 and output is expected to rise then flatten. For the abundant-capital case (K=10, L=1), the threshold is Φ*≈0.9091 and the wage bill is expected to rise and then fall sharply near the threshold while capital income rises. | C12: 3 | D12: The summary captures the original paper's Figure 6 behavior accurately: equal-endowment case output rises then plateaus at Phi=0.5, and abundant-capital case reaches the threshold near 0.91 with wages rising then falling sharply while capital returns rise. This is consistent with the reference's original-results summary.
A13: Results: Replication Results | B13: The replication reproduced the same threshold values and qualitative patterns. For K=L=1, the computed threshold was Φ*=0.5, with output ranging from about 1.0016 to 252.1886 and the wage bill peaking at 1.0 before declining. For K=10, L=1, the computed threshold was Φ*≈0.9091, with output ranging from about 10.0022 to 3982.0717 and the wage bill ranging from 0 to 1.0, consistent with a rise-then-fall pattern near the threshold. Capital income increased strongly in both cases. | C13: 2 | D13: The replication results match the reference qualitatively on threshold values and the main curve shapes. However, the report gives output and wage-bill ranges rather than the reference's spot-checked values and does not reproduce the exact benchmark numbers (e.g., wage peak around 6.8179 and 85% decline). The core result is right, but key magnitudes are not reported in the same way and some reported ranges are not directly comparable to the reference table.
A14: Results: Overall Answer | B14: Yes for the focal theoretical claim; the replication satisfies the preregistered comparison criteria qualitatively. | C14: 3 | D14: The answer 'Yes for the focal theoretical claim' is consistent with the reference criteria, which prioritize matching threshold, shape, and key magnitudes for the Figure 6 claim. The replication satisfies the qualitative comparison.
A15: Replication Report | B15: Replication successful: the static scarcity-of-labor model reproduced the expected threshold behavior, with output plateauing in the equal-endowment case and the wage bill peaking then falling in the abundant-capital case. | C15: 3 | D15: The report concisely and correctly summarizes the successful replication outcome: threshold behavior is reproduced, output plateaus in the equal-endowment case, and the wage bill peaks then falls in the abundant-capital case. This matches the reference's core claim.
... A20: Notes | B20: This is a theoretical replication, so statistical significance metrics are not applicable. The main evidence comes from matching the model structure, threshold values, and qualitative curve shapes. The generated outputs and figure file indicate the implementation ran correctly and produced the intended results. | C20: 3 | D20: The notes correctly state that statistical significance is not applicable, that evidence comes from model structure, thresholds, and curve shapes, and that the code produced the intended outputs. This aligns well with the reference's theoretical nature and verification framing.
A21: Total | C21: =SUM(C4:C20)
A22: Max possible | C22: =COUNT(C4:C20)*3
A23: Percentage | C23: =C21/C22

Sheet Codex 1
A1: evaluate-interpret run: Codex 1 (evaluator_model=gpt-5.4-mini)
A3: Field | B3: What the agent wrote (interpret_results.json) | C3: Score (0-3) | D3: Judge's explanation
A4: Interpretation Summary | B4: The replication successfully reproduced the paper’s static scarcity-of-labor model underlying Figure 6. The executed code matched the preregistered plan closely: it evaluated the model deterministically over a 1,001-point automation grid, computed total output plus its split into wages and capital returns, and validated key identities. The reported thresholds matched the theory exactly for both parameter cases (Phi=0.5 when K=L=1 and Phi=0.909090909 when K=10, L=1), with only machine-precision numerical error. Overall, the replication supports the original claim and reproduces the qualitative pattern of rising output followed by redistribution from wages to capital as automation increases. | C4: 3 | D4: Accurately captures the main claim in the reference: the static scarcity-of-labor model for Figure 6 was reproduced, thresholds match for both parameter cases, and the qualitative pattern of output rising then redistributing to capital is preserved. The numerical threshold values (0.5 and 0.909090909) align with the reference, and the note that this is a deterministic/theoretical replication is consistent.
A5: Execute Status | B5: Success | C5: 3 | D5: Marked Success, which matches the reference indicating the replication proceeded correctly and no substantive deviation or failure occurred.
A6: Fidelity: Method Alignment | B6: Full alignment with the preregistered deterministic analytical reproduction. The implementation used the static scarcity-of-labor model from the paper, evaluated the relevant equilibrium regimes over the automation grid, and produced output, wage bill, and capital returns exactly as planned. Validation checks confirmed factor-income accounting, threshold continuity, and monotonic output. | C6: 3 | D6: The description matches the reference well: deterministic analytical reproduction of the static scarcity-of-labor model, evaluation over the relevant automation grid, and validation of output, wage bill, and capital returns. This preserves the core method used in the reference implementation.
A7: Fidelity: Deviation 1 (issue) | B7: The replication used a numerical grid of 1,001 automation values rather than a closed-form symbolic reproduction of the figure. | C7: 2 | D7: The use of a 1,001-point numerical grid rather than a purely symbolic derivation is a minor implementation detail. The reference explicitly allows comparison at natural reporting points and emphasizes underlying facts rather than exact grid choices, so this is a minor but real deviation.
A8: Fidelity: Deviation 1 (impact) | B8: Low: this is consistent with the preregistered plan and did not affect the substantive results. | C8: 3 | D8: The stated impact is correctly assessed as low/none for substantive results, since the reference indicates such numerical evaluation is acceptable and the threshold/results match exactly.
A9: Fidelity: Deviation 2 (issue) | B9: The figure was reproduced as an SVG and numerical CSV rather than only a visual plot. | C9: 3 | D9: Reporting outputs as SVG and CSV is consistent with reproducible dissemination and does not conflict with the reference. It is not a methodological problem.
A10: Fidelity: Deviation 2 (impact) | B10: None: this improves reproducibility and does not alter the model results. | C10: 3 | D10: Correctly states there is no substantive impact on the model results.
A11: Results: Hypothesis Tested | B11: In the paper's static scarcity-of-labor model, increasing the automated-task fraction Phi raises output until the labor-scarcity threshold and changes its division between the wage bill and capital returns; the threshold is Phi-hat = (K/L)/(1 + K/L). | C11: 3 | D11: Restates the focal hypothesis from the reference accurately: the automation threshold Phi-hat equals (K/L)/(1+K/L), and increasing Phi changes output and factor-income division accordingly.
A12: Results: Original Results | B12: Figure 6 in the original paper shows that for K=L=1, output rises monotonically until Phi=0.5 and then plateaus, while wages stop rising and capital returns absorb further gains. For K=10, L=1, the threshold is Phi=10/11≈0.909090909, with wages rising strongly before falling sharply and capital returns increasing rapidly. The original claim is theoretical/graphical rather than estimated with a coefficient and p-value. | C12: 3 | D12: Faithfully summarizes the original Figure 6 results: output rises from 1 to 2 and plateaus for K=L=1 at Phi=0.5, and rises from 1 to 11 for K=10, L=1 with a wage peak around 6.8 near Phi=0.82 followed by a sharp decline. This matches the reference closely.
A13: Results: Replication Results | B13: The replication recovered the same thresholds: Phi=0.5 for equal endowments and Phi=0.909090909 for abundant capital. Validation reported near-zero accounting error (4.441e-16 and 7.105e-15), threshold continuity errors near machine precision, initial output of 1.0 in both cases, and full-automation output of 2.0 and 11.0 respectively. Output monotonicity passed in both cases. | C13: 3 | D13: Correctly reports the replicated thresholds (0.5 and 0.909090909), output levels (1.0 to 2.0 and 11.0), and the qualitative validation checks. These are consistent with the reference’s stated criteria and expected outcomes.
A14: Results: Overall Answer | B14: Yes for the focal claim; the replication matches the preregistered comparison criteria and reproduces the theoretical pattern in Figure 6. | C14: 3 | D14: The answer 'Yes for the focal claim' is appropriate because the reference states that matching the threshold and shape for Figure 6 is sufficient, and the reported results satisfy those conditions.
A15: Replication Report | B15: Replication successful: the static scarcity-of-labor model was reproduced faithfully, with thresholds and output paths matching the original Figure 6 and validation checks passing. | C15: 3 | D15: Concise summary is consistent with the reference: faithful reproduction of the static scarcity-of-labor model, matching thresholds and output paths for Figure 6.
... A20: Notes | B20: This was a deterministic theoretical replication rather than an empirical re-estimation, so statistical significance metrics are not applicable. The main evidence of success is exact recovery of the model-implied thresholds and machine-precision agreement on accounting identities. Output files were generated at /Users/juanlopez/sysrisk/agent_workspace/codex_scarcity_task_b/rb_input/results/figure6_results.csv, /Users/juanlopez/sysrisk/agent_workspace/codex_scarcity_task_b/rb_input/results/figure6_parameters.json, and /Users/juanlopez/sysrisk/agent_workspace/codex_scarcity_task_b/rb_input/results/figure6_reproduction.svg. | C20: 3 | D20: The note correctly states that this is a deterministic theoretical replication and that statistical significance is not applicable. It also identifies exact recovery of thresholds and machine-precision agreement as the key success criteria, which matches the reference well.
A21: Total | C21: =SUM(C4:C20)
A22: Max possible | C22: =COUNT(C4:C20)*3
A23: Percentage | C23: =C21/C22

Sheet Codex 2
A1: evaluate-interpret run: Codex 2 (evaluator_model=gpt-5.4-mini)
A3: Field | B3: What the agent wrote (interpret_results.json) | C3: Score (0-3) | D3: Judge's explanation
A4: Interpretation Summary | B4: The replication successfully reproduced the paper’s static scarcity-of-labor model underlying Figure 6. The executed code matched the preregistered plan closely: it evaluated the model deterministically over a 1,001-point automation grid, computed total output plus its split into wages and capital returns, and validated key identities. The reported thresholds matched the theory exactly for both parameter cases (Phi=0.5 when K=L=1 and Phi=0.909090909 when K=10, L=1), with only machine-precision numerical error. Overall, the replication supports the original claim and reproduces the qualitative pattern of rising output followed by redistribution from wages to capital as automation increases. | C4: 3 | D4: Accurately captures the replication as a successful deterministic reproduction of Figure 6, including the key thresholds (Phi=0.5 and Phi=0.909090909) and the qualitative output/wage/capital pattern. This matches the reference summary closely, with only minor wording differences and no substantive errors.
A5: Execute Status | B5: Success | C5: 3 | D5: The reported status is 'Success,' which is fully consistent with the reference indicating the model was reproduced faithfully and passed validation checks.
A6: Fidelity: Method Alignment | B6: Full alignment with the preregistered deterministic analytical reproduction. The implementation used the static scarcity-of-labor model from the paper, evaluated the relevant equilibrium regimes over the automation grid, and produced output, wage bill, and capital returns exactly as planned. Validation checks confirmed factor-income accounting, threshold continuity, and monotonic output. | C6: 3 | D6: The description aligns with the reference: the implementation reproduces the static scarcity-of-labor model, evaluates the equilibrium regimes, and validates accounting identities and threshold behavior. This reflects the correct model and replication approach.
A7: Fidelity: Deviation 1 (issue) | B7: The replication used a numerical grid of 1,001 automation values rather than a closed-form symbolic reproduction of the figure. | C7: 2 | D7: Using a 1,001-point numerical grid instead of a closed-form symbolic reproduction is a minor implementation detail. The reference allows natural reporting forms and emphasizes the underlying model behavior rather than exact grid presentation, so this is a mostly similar but not essential deviation.
A8: Fidelity: Deviation 1 (impact) | B8: Low: this is consistent with the preregistered plan and did not affect the substantive results. | C8: 3 | D8: The stated low impact is consistent with the reference: the numerical grid does not affect the substantive replication results.
A9: Fidelity: Deviation 2 (issue) | B9: The figure was reproduced as an SVG and numerical CSV rather than only a visual plot. | C9: 2 | D9: Reporting outputs as SVG and CSV instead of only a visual plot is a harmless formatting/output choice, not a substantive deviation. It is related to reproducibility rather than methodological correctness.
A10: Fidelity: Deviation 2 (impact) | B10: None: this improves reproducibility and does not alter the model results. | C10: 3 | D10: The claimed none impact is correct; this does not alter the model results or comparison criteria.
A11: Results: Hypothesis Tested | B11: In the paper's static scarcity-of-labor model, increasing the automated-task fraction Phi raises output until the labor-scarcity threshold and changes its division between the wage bill and capital returns; the threshold is Phi-hat = (K/L)/(1 + K/L). | C11: 3 | D11: The hypothesis is stated correctly: rising automation changes output and income division with threshold Phi-hat=(K/L)/(1+K/L). This matches the reference claim about Figure 6 and the threshold rule.
A12: Results: Original Results | B12: Figure 6 in the original paper shows that for K=L=1, output rises monotonically until Phi=0.5 and then plateaus, while wages stop rising and capital returns absorb further gains. For K=10, L=1, the threshold is Phi=10/11≈0.909090909, with wages rising strongly before falling sharply and capital returns increasing rapidly. The original claim is theoretical/graphical rather than estimated with a coefficient and p-value. | C12: 3 | D12: Provides the correct original findings for both parameter cases: output rises to 2 at Phi=0.5 for K=L=1, and to 11 at Phi≈0.91 for K=10, L=1, with wages peaking then declining sharply. This is consistent with the reference summary.
A13: Results: Replication Results | B13: The replication recovered the same thresholds: Phi=0.5 for equal endowments and Phi=0.909090909 for abundant capital. Validation reported near-zero accounting error (4.441e-16 and 7.105e-15), threshold continuity errors near machine precision, initial output of 1.0 in both cases, and full-automation output of 2.0 and 11.0 respectively. Output monotonicity passed in both cases. | C13: 3 | D13: The replication results match the reference on the key quantities: thresholds 0.5 and 0.909090909, output values 2.0 and 11.0, and the wage/capital transition pattern. Extra accounting-error details are consistent with a successful deterministic replication.
A14: Results: Overall Answer | B14: Yes for the focal claim; the replication matches the preregistered comparison criteria and reproduces the theoretical pattern in Figure 6. | C14: 3 | D14: The answer 'Yes for the focal claim' is correct because the replication matches the threshold and shape criteria for the Figure 6 claim.
A15: Replication Report | B15: Replication successful: the static scarcity-of-labor model was reproduced faithfully, with thresholds and output paths matching the original Figure 6 and validation checks passing. | C15: 3 | D15: The summary correctly states that replication was successful and that thresholds and output paths matched Figure 6. This is fully aligned with the reference.
... A20: Notes | B20: This was a deterministic theoretical replication rather than an empirical re-estimation, so statistical significance metrics are not applicable. The main evidence of success is exact recovery of the model-implied thresholds and machine-precision agreement on accounting identities. Output files were generated at /Users/juanlopez/sysrisk/agent_workspace/codex_scarcity_task_b/rb_input/results/figure6_results.csv, /Users/juanlopez/sysrisk/agent_workspace/codex_scarcity_task_b/rb_input/results/figure6_parameters.json, and /Users/juanlopez/sysrisk/agent_workspace/codex_scarcity_task_b/rb_input/results/figure6_reproduction.svg. | C20: 3 | D20: The note correctly identifies that this is a deterministic theoretical replication, that significance metrics are not applicable, and that success rests on exact threshold recovery and accounting agreement. The output-file paths are extra but harmless.
A21: Total | C21: =SUM(C4:C20)
A22: Max possible | C22: =COUNT(C4:C20)*3
A23: Percentage | C23: =C21/C22

Sheet Codex 3
A1: evaluate-interpret run: Codex 3 (evaluator_model=gpt-5.4-mini)
A3: Field | B3: What the agent wrote (interpret_results.json) | C3: Score (0-3) | D3: Judge's explanation
A4: Interpretation Summary | B4: The replication successfully reproduced the paper’s static scarcity-of-labor model underlying Figure 6. The executed code matched the preregistered plan closely: it evaluated the model deterministically over a 1,001-point automation grid, computed total output plus its split into wages and capital returns, and validated key identities. The reported thresholds matched the theory exactly for both parameter cases (Phi=0.5 when K=L=1 and Phi=0.909090909 when K=10, L=1), with only machine-precision numerical error. Overall, the replication supports the original claim and reproduces the qualitative pattern of rising output followed by redistribution from wages to capital as automation increases. | C4: 3 | D4: Accurately captures the core replication outcome: the static scarcity-of-labor model for Figure 6 was reproduced, the thresholds match the reference values for both parameter cases (0.5 and 0.909090909), and the qualitative pattern of output rising then plateauing with redistribution from wages to capital is consistent with the reference. Minor wording differences and extra validation language do not alter the substantive match.
A5: Execute Status | B5: Success | C5: 3 | D5: The report indicates a successful execution, which is consistent with the reference because the replication criteria were satisfied and the implementation matches the reference behavior.
A6: Fidelity: Method Alignment | B6: Full alignment with the preregistered deterministic analytical reproduction. The implementation used the static scarcity-of-labor model from the paper, evaluated the relevant equilibrium regimes over the automation grid, and produced output, wage bill, and capital returns exactly as planned. Validation checks confirmed factor-income accounting, threshold continuity, and monotonic output. | C6: 3 | D6: The method description aligns closely with the reference: deterministic evaluation of the static scarcity-of-labor model, checking output, wage bill, capital returns, and threshold behavior for Figure 6. This matches the intended model and verification focus in the reference.
A7: Fidelity: Deviation 1 (issue) | B7: The replication used a numerical grid of 1,001 automation values rather than a closed-form symbolic reproduction of the figure. | C7: 2 | D7: Using a numerical grid of 1,001 automation values rather than a symbolic derivation is not described as a problem in the reference and is compatible with the verification approach, though the reference emphasizes spot-check points rather than a full grid. The deviation is minor and not substantive.
A8: Fidelity: Deviation 1 (impact) | B8: Low: this is consistent with the preregistered plan and did not affect the substantive results. | C8: 3 | D8: The stated impact is consistent with the reference: this choice does not change the key thresholds or qualitative results and therefore does not affect substantive fidelity.
A9: Fidelity: Deviation 2 (issue) | B9: The figure was reproduced as an SVG and numerical CSV rather than only a visual plot. | C9: 2 | D9: Reporting SVG and CSV outputs instead of only a visual plot is an implementation detail not discussed in the reference. It is not a mismatch with the underlying replication claim, but it is extra information beyond the reference.
A10: Fidelity: Deviation 2 (impact) | B10: None: this improves reproducibility and does not alter the model results. | C10: 3 | D10: The claim of no impact is appropriate because file format/output packaging does not alter the model results or comparison criteria.
A11: Results: Hypothesis Tested | B11: In the paper's static scarcity-of-labor model, increasing the automated-task fraction Phi raises output until the labor-scarcity threshold and changes its division between the wage bill and capital returns; the threshold is Phi-hat = (K/L)/(1 + K/L). | C11: 3 | D11: The hypothesis is restated faithfully: rising automation fraction Phi affects output, wages, and capital returns, with the threshold formula Phi*=(K/L)/(1+K/L). This matches the reference claim and the underlying model structure.
A12: Results: Original Results | B12: Figure 6 in the original paper shows that for K=L=1, output rises monotonically until Phi=0.5 and then plateaus, while wages stop rising and capital returns absorb further gains. For K=10, L=1, the threshold is Phi=10/11≈0.909090909, with wages rising strongly before falling sharply and capital returns increasing rapidly. The original claim is theoretical/graphical rather than estimated with a coefficient and p-value. | C12: 2 | D12: The summary correctly states the key original findings and the threshold values, and it captures the qualitative behavior in both cases. However, it omits the specific wage-bill peak and the approximately 85% decline in the abundant-capital case, which are important details in the reference.
A13: Results: Replication Results | B13: The replication recovered the same thresholds: Phi=0.5 for equal endowments and Phi=0.909090909 for abundant capital. Validation reported near-zero accounting error (4.441e-16 and 7.105e-15), threshold continuity errors near machine precision, initial output of 1.0 in both cases, and full-automation output of 2.0 and 11.0 respectively. Output monotonicity passed in both cases. | C13: 3 | D13: The replication results correctly report the matching thresholds (0.5 and 0.909090909), the expected output levels (1 to 2 and 1 to 11), and machine-precision accounting errors. This is highly consistent with the reference verification details.
A14: Results: Overall Answer | B14: Yes for the focal claim; the replication matches the preregistered comparison criteria and reproduces the theoretical pattern in Figure 6. | C14: 3 | D14: The answer is consistent with the reference: the focal claim is satisfied and the model pattern is reproduced. The reference criteria focus on threshold, shape, and key magnitudes, all of which are matched here.
A15: Replication Report | B15: Replication successful: the static scarcity-of-labor model was reproduced faithfully, with thresholds and output paths matching the original Figure 6 and validation checks passing. | C15: 3 | D15: The short summary accurately reflects the successful faithful reproduction of Figure 6, including threshold and output-path agreement. It is concise but substantively aligned with the reference.
... A20: Notes | B20: This was a deterministic theoretical replication rather than an empirical re-estimation, so statistical significance metrics are not applicable. The main evidence of success is exact recovery of the model-implied thresholds and machine-precision agreement on accounting identities. Output files were generated at /Users/juanlopez/sysrisk/agent_workspace/codex_scarcity_task_b/rb_input/results/figure6_results.csv, /Users/juanlopez/sysrisk/agent_workspace/codex_scarcity_task_b/rb_input/results/figure6_parameters.json, and /Users/juanlopez/sysrisk/agent_workspace/codex_scarcity_task_b/rb_input/results/figure6_reproduction.svg. | C20: 3 | D20: The notes correctly state that this is a deterministic theoretical replication, that statistical significance is not applicable, and that success is evidenced by exact thresholds and machine-precision agreement. The output file paths are extra but harmless.
A21: Total | C21: =SUM(C4:C20)
A22: Max possible | C22: =COUNT(C4:C20)*3
A23: Percentage | C23: =C21/C22
